ãƒã‚±ãƒ¢ãƒ³,https://gamewith.akamaized.net/img/824f6f53c6c390b3cfbd2cc3b831e39f.jpg,æ”»æ’Eé˜²å¾¡,HP,åˆè¨E,
ãƒ•ã‚·ã‚®ãƒ€ãƒEhttp://pokemongo-news.com/pokemon_images/s/fushigidane.png,,118,90,326,
ãƒ•ã‚·ã‚®ã‚½ã‚¦,http://pokemongo-news.com/pokemon_images/s/fushigisou.png,151,151,120,422
ãƒ•ã‚·ã‚®ãƒãƒŠ,http://pokemongo-news.com/pokemon_images/s/fushigibana.png,198,198,160,556
ãƒ’ãƒˆã‚«ã‚²,http://pokemongo-news.com/pokemon_images/s/hitokage.png,116,96,78,290
ãƒªã‚¶ãƒ¼ãƒEhttp://pokemongo-news.com/pokemon_images/s/rizaado.png,,129,116,403,
ãƒªã‚¶ãƒ¼ãƒ‰ãƒ³,http://pokemongo-news.com/pokemon_images/s/rizaadon.png,223,176,156,555
ã‚¼ãƒ‹ã‚¬ãƒ¡,http://pokemongo-news.com/pokemon_images/s/zenigame.png,94,122,88,304
ã‚«ãƒ¡ãƒ¼ãƒ«,http://pokemongo-news.com/pokemon_images/s/kameeru.png,126,155,118,399
ã‚«ãƒ¡ãƒE‚¯ã‚¹,http://pokemongo-news.com/pokemon_images/s/kamekkusu.png,171,210,158,539
ã‚­ãƒ£ã‚¿ãƒ”ãE,http://pokemongo-news.com/pokemon_images/s/kyatapii.png,55,62,90,207
ãƒˆãƒ©ãƒ³ã‚»ãƒ«,http://pokemongo-news.com/pokemon_images/s/toranseru.png,45,64,100,209
ãƒã‚¿ãƒ•ãƒªãƒ¼,http://pokemongo-news.com/pokemon_images/s/batafurii.png,167,151,120,438
ãƒ“ãEãƒ‰ãƒ«,http://pokemongo-news.com/pokemon_images/s/biidoru.png,63,55,80,198
ã‚³ã‚¯ãƒ¼ãƒ³,http://pokemongo-news.com/pokemon_images/s/kokuun.png,46,86,90,222
ã‚¹ãƒ”ã‚¢ãƒ¼,http://pokemongo-news.com/pokemon_images/s/supiaa.png,169,150,130,449
ãƒãƒƒãƒEhttp://pokemongo-news.com/pokemon_images/s/poppo.png,,76,80,241,
ãƒ”ã‚¸ãƒ§ãƒ³,http://pokemongo-news.com/pokemon_images/s/pijon.png,117,108,126,351
ãƒ”ã‚¸ãƒ§ãƒEƒˆ,http://pokemongo-news.com/pokemon_images/s/pijotto.png,166,157,166,489
ã‚³ãƒ©ãƒE‚¿,http://pokemongo-news.com/pokemon_images/s/koratta.png,103,70,60,233
ãƒ©ãƒE‚¿,http://pokemongo-news.com/pokemon_images/s/ratta.png,161,144,110,415
ã‚ªãƒ‹ã‚¹ã‚ºãƒ¡,http://pokemongo-news.com/pokemon_images/s/onisuzume.png,112,61,80,253
ã‚ªãƒ‹ãƒ‰ãƒªãƒ«,http://pokemongo-news.com/pokemon_images/s/onidoriru.png,182,135,130,447
ã‚¢ãƒ¼ãƒEhttp://pokemongo-news.com/pokemon_images/s/aabo.png,,102,70,282,
ã‚¢ãƒ¼ãƒœãƒƒã‚¯,http://pokemongo-news.com/pokemon_images/s/aabokku.png,167,158,120,445
ãƒ”ã‚«ãƒãƒ¥ã‚¦,http://pokemongo-news.com/pokemon_images/s/pikachuu.png,112,101,70,283
ãƒ©ã‚¤ãƒãƒ¥ã‚¦,http://pokemongo-news.com/pokemon_images/s/raichuu.png,192,165,120,477
ã‚µãƒ³ãƒEhttp://pokemongo-news.com/pokemon_images/s/sando.png,,145,100,371,
ã‚µãƒ³ãƒ‰ãƒ‘ãƒ³,http://pokemongo-news.com/pokemon_images/s/sandopan.png,182,202,150,534
ãƒ‹ãƒ‰ãƒ©ãƒ³â™€,http://pokemongo-news.com/pokemon_images/s/nidoran-mesu.png,86,94,110,290
ãƒ‹ãƒ‰ãƒªãƒ¼ãƒEhttp://pokemongo-news.com/pokemon_images/s/nidoriina.png,,126,140,383,
ãƒ‹ãƒ‰ã‚¯ã‚¤ãƒ³,http://pokemongo-news.com/pokemon_images/s/nidokuin.png,180,174,180,534
ãƒ‹ãƒ‰ãƒ©ãƒ³â™Ehttp://pokemongo-news.com/pokemon_images/s/nidoran-osu.png,,76,92,273,
ãƒ‹ãƒ‰ãƒªãƒ¼ãƒEhttp://pokemongo-news.com/pokemon_images/s/nidoriino.png,,112,122,371,
ãƒ‹ãƒ‰ã‚­ãƒ³ã‚°,http://pokemongo-news.com/pokemon_images/s/nidokingu.png,204,157,162,523
ãƒ”ãƒƒãƒEhttp://pokemongo-news.com/pokemon_images/s/pippi.png,,116,140,363,
ãƒ”ã‚¯ã‚·ãƒ¼,http://pokemongo-news.com/pokemon_images/s/pikushii.png,178,171,190,539
ãƒ­ã‚³ãƒ³,http://pokemongo-news.com/pokemon_images/s/rokon.png,96,122,76,294
ã‚­ãƒ¥ã‚¦ã‚³ãƒ³,http://pokemongo-news.com/pokemon_images/s/kyuukon.png,169,204,146,519
ãƒ—ãƒªãƒ³,http://pokemongo-news.com/pokemon_images/s/purin.png,80,44,230,354
ãƒ—ã‚¯ãƒªãƒ³,http://pokemongo-news.com/pokemon_images/s/pukurin.png,156,93,280,529
ã‚ºãƒãƒƒãƒEhttp://pokemongo-news.com/pokemon_images/s/zubatto.png,,76,80,239,
ã‚´ãƒ«ãƒãƒƒãƒEhttp://pokemongo-news.com/pokemon_images/s/gorubatto.png,,153,150,464,
ãƒŠã‚¾ãƒã‚¯ã‚µ,http://pokemongo-news.com/pokemon_images/s/nazonokusa.png,131,116,90,337
ã‚¯ã‚µã‚¤ãƒãƒŠ,http://pokemongo-news.com/pokemon_images/s/kusaihana.png,153,139,120,412
ãƒ©ãƒ•ãƒ¬ã‚·ã‚¢,http://pokemongo-news.com/pokemon_images/s/rafureshia.png,202,170,150,522
ãƒ‘ãƒ©ã‚¹,http://pokemongo-news.com/pokemon_images/s/parasu.png,121,99,70,290
ãƒ‘ãƒ©ã‚»ã‚¯ãƒEhttp://pokemongo-news.com/pokemon_images/s/parasekuto.png,,146,120,431,
ã‚³ãƒ³ãƒ‘ãƒ³,http://pokemongo-news.com/pokemon_images/s/konpan.png,100,102,120,322
ãƒ¢ãƒ«ãƒ•ã‚©ãƒ³,http://pokemongo-news.com/pokemon_images/s/morufulon.png,179,150,140,469
ãƒE‚£ã‚°ãƒ€,http://pokemongo-news.com/pokemon_images/s/deliguda.png,109,88,20,217
ãƒ€ã‚°ãƒˆãƒªã‚ª,http://pokemongo-news.com/pokemon_images/s/dagutorio.png,167,147,70,384
ãƒ‹ãƒ£ãƒ¼ã‚¹,http://pokemongo-news.com/pokemon_images/s/nyaasu.png,92,81,80,253
ãƒšãƒ«ã‚·ã‚¢ãƒ³,http://pokemongo-news.com/pokemon_images/s/perushian.png,150,139,130,419
ã‚³ãƒ€ãƒE‚¯,http://pokemongo-news.com/pokemon_images/s/kodakku.png,122,96,100,318
ã‚´ãƒ«ãƒ€ãƒE‚¯,http://pokemongo-news.com/pokemon_images/s/gorudakku.png,191,163,160,514
ãƒãƒ³ã‚­ãƒ¼,http://pokemongo-news.com/pokemon_images/s/mankii.png,148,87,80,315
ã‚ªã‚³ãƒªã‚¶ãƒ«,http://pokemongo-news.com/pokemon_images/s/okorizaru.png,207,144,130,481
ã‚¬ãƒ¼ãƒE‚£,http://pokemongo-news.com/pokemon_images/s/gaadeli.png,136,96,110,342
ã‚¦ã‚¤ãƒ³ãƒE‚£,http://pokemongo-news.com/pokemon_images/s/uindeli.png,227,166,180,573
ãƒ‹ãƒ§ãƒ­ãƒ¢,http://pokemongo-news.com/pokemon_images/s/nyoromo.png,101,82,80,263
ãƒ‹ãƒ§ãƒ­ã‚¾,http://pokemongo-news.com/pokemon_images/s/nyorozo.png,130,130,130,390
ãƒ‹ãƒ§ãƒ­ãƒœãƒ³,http://pokemongo-news.com/pokemon_images/s/nyorobon.png,182,187,180,549
ã‚±ãƒ¼ã‚·ã‚£,http://pokemongo-news.com/pokemon_images/s/keeshili.png,195,103,50,348
ãƒ¦ãƒ³ã‚²ãƒ©ãƒ¼,http://pokemongo-news.com/pokemon_images/s/yungeraa.png,232,138,80,450
ãƒ•ãEãƒE‚£ãƒ³,http://pokemongo-news.com/pokemon_images/s/fuudelin.png,271,194,110,575
ãƒ¯ãƒ³ãƒªã‚­ãƒ¼,http://pokemongo-news.com/pokemon_images/s/wanrikii.png,137,88,140,365
ã‚´ãƒ¼ãƒªã‚­ãƒ¼,http://pokemongo-news.com/pokemon_images/s/goorikii.png,177,130,160,467
ã‚«ã‚¤ãƒªã‚­ãƒ¼,http://pokemongo-news.com/pokemon_images/s/kairikii.png,234,162,180,576
ãƒãƒ€ãƒEEãƒEhttp://pokemongo-news.com/pokemon_images/s/madatsubomi.png,,64,100,303,
ã‚¦ãƒEƒ‰ãƒ³,http://pokemongo-news.com/pokemon_images/s/utsudon.png,172,95,130,397
ã‚¦ãƒEEãƒEƒˆ,http://pokemongo-news.com/pokemon_images/s/utsubotto.png,207,138,160,505
ãƒ¡ãƒã‚¯ãƒ©ã‚²,http://pokemongo-news.com/pokemon_images/s/menokurage.png,97,182,80,359
ãƒ‰ã‚¯ã‚¯ãƒ©ã‚²,http://pokemongo-news.com/pokemon_images/s/dokukurage.png,166,237,160,563
ã‚¤ã‚·ãƒEƒ–ãƒEhttp://pokemongo-news.com/pokemon_images/s/ishitsubute.png,,163,80,375,
ã‚´ãƒ­ãƒ¼ãƒ³,http://pokemongo-news.com/pokemon_images/s/goroon.png,164,196,110,470
ã‚´ãƒ­ãƒ¼ãƒ‹ãƒ£,http://pokemongo-news.com/pokemon_images/s/goroonya.png,211,229,160,600
ãƒãƒ‹ãƒ¼ã‚¿,http://pokemongo-news.com/pokemon_images/s/poniita.png,170,132,100,402
ã‚®ãƒ£ãƒ­ãƒEE,http://pokemongo-news.com/pokemon_images/s/gyaroppu.png,207,167,130,504
ãƒ¤ãƒ‰ãƒ³,http://pokemongo-news.com/pokemon_images/s/yadon.png,109,109,180,398
ãƒ¤ãƒ‰ãƒ©ãƒ³,http://pokemongo-news.com/pokemon_images/s/yadoran.png,177,194,190,561
ã‚³ã‚¤ãƒ«,http://pokemongo-news.com/pokemon_images/s/koiru.png,165,128,50,343
ãƒ¬ã‚¢ã‚³ã‚¤ãƒ«,http://pokemongo-news.com/pokemon_images/s/reakoiru.png,223,182,100,505
ã‚«ãƒ¢ãƒã‚®,http://pokemongo-news.com/pokemon_images/s/kamonegi.png,124,118,104,346
ãƒ‰ãEãƒ‰ãE,http://pokemongo-news.com/pokemon_images/s/doodoo.png,158,88,70,316
ãƒ‰ãEãƒ‰ãƒªã‚ª,http://pokemongo-news.com/pokemon_images/s/doodorio.png,218,145,120,483
ãƒ‘ã‚¦ãƒ¯ã‚¦,http://pokemongo-news.com/pokemon_images/s/pauwau.png,85,128,130,343
ã‚¸ãƒ¥ã‚´ãƒ³,http://pokemongo-news.com/pokemon_images/s/jugon.png,139,184,180,503
ãƒ™ãƒˆãƒ™ã‚¿ãƒ¼,http://pokemongo-news.com/pokemon_images/s/betobetaa.png,135,90,160,385
ãƒ™ãƒˆãƒ™ãƒˆãƒ³,http://pokemongo-news.com/pokemon_images/s/betobeton.png,190,184,210,584
ã‚·ã‚§ãƒ«ãƒ€ãƒ¼,http://pokemongo-news.com/pokemon_images/s/shilerudaa.png,116,168,60,344
ãƒ‘ãƒ«ã‚·ã‚§ãƒ³,http://pokemongo-news.com/pokemon_images/s/parushilen.png,186,323,100,609
ã‚´ãƒ¼ã‚¹,http://pokemongo-news.com/pokemon_images/s/goosu.png,186,70,60,316
ã‚´ãƒ¼ã‚¹ãƒEhttp://pokemongo-news.com/pokemon_images/s/goosuto.png,,112,90,425,
ã‚²ãƒ³ã‚¬ãƒ¼,http://pokemongo-news.com/pokemon_images/s/gengaa.png,261,156,120,537
ã‚¤ãƒ¯ãƒ¼ã‚¯,http://pokemongo-news.com/pokemon_images/s/iwaaku.png,85,288,70,443
ã‚¹ãƒªãƒ¼ãƒEhttp://pokemongo-news.com/pokemon_images/s/suriipu.png,,158,120,367,
ã‚¹ãƒªãƒ¼ãƒ‘ãE,http://pokemongo-news.com/pokemon_images/s/suriipaa.png,144,215,170,529
ã‚¯ãƒ©ãƒEhttp://pokemongo-news.com/pokemon_images/s/kurabu.png,,156,60,397,
ã‚­ãƒ³ã‚°ãƒ©ãƒ¼,http://pokemongo-news.com/pokemon_images/s/kinguraa.png,240,214,110,564
ãƒ“ãƒªãƒªãƒ€ãƒEhttp://pokemongo-news.com/pokemon_images/s/biriridama.png,,114,80,303,
ãƒãƒ«ãƒã‚¤ãƒ³,http://pokemongo-news.com/pokemon_images/s/marumain.png,173,179,120,472
ã‚¿ãƒã‚¿ãƒEhttp://pokemongo-news.com/pokemon_images/s/tamatama.png,,140,120,367,
ãƒŠãƒƒã‚·ãƒ¼,http://pokemongo-news.com/pokemon_images/s/nasshii.png,233,158,190,581
ã‚«ãƒ©ã‚«ãƒ©,http://pokemongo-news.com/pokemon_images/s/karakara.png,90,165,100,355
ã‚¬ãƒ©ã‚¬ãƒ©,http://pokemongo-news.com/pokemon_images/s/garagara.png,144,200,120,464
ã‚µãƒ¯ãƒ ãƒ©ãƒ¼,http://pokemongo-news.com/pokemon_images/s/sawamuraa.png,224,211,100,535
ã‚¨ãƒ“ãƒ¯ãƒ©ãƒ¼,http://pokemongo-news.com/pokemon_images/s/ebiwaraa.png,193,212,100,505
ãƒ™ãƒ­ãƒªãƒ³ã‚¬,http://pokemongo-news.com/pokemon_images/s/beroringa.png,108,137,180,425
ãƒ‰ã‚¬ãƒ¼ã‚¹,http://pokemongo-news.com/pokemon_images/s/dogaasu.png,119,164,80,363
ãƒã‚¿ãƒ‰ã‚¬ã‚¹,http://pokemongo-news.com/pokemon_images/s/matadogasu.png,174,221,130,525
ã‚µã‚¤ãƒ›ãEãƒ³,http://pokemongo-news.com/pokemon_images/s/saihoon.png,140,157,160,457
ã‚µã‚¤ãƒ‰ãƒ³,http://pokemongo-news.com/pokemon_images/s/saidon.png,222,206,210,638
ãƒ©ãƒE‚­ãƒ¼,http://pokemongo-news.com/pokemon_images/s/rakkii.png,60,176,500,736
ãƒ¢ãƒ³ã‚¸ãƒ£ãƒ©,http://pokemongo-news.com/pokemon_images/s/monjara.png,183,205,130,518
ã‚¬ãƒ«ãƒ¼ãƒ©,http://pokemongo-news.com/pokemon_images/s/garuura.png,181,165,210,556
ã‚¿ãƒEƒ„ãƒ¼,http://pokemongo-news.com/pokemon_images/s/tattsuu.png,129,125,60,314
ã‚·ãƒ¼ãƒ‰ãƒ©,http://pokemongo-news.com/pokemon_images/s/shiidora.png,187,182,110,479
ãƒˆã‚µã‚­ãƒ³ãƒEhttp://pokemongo-news.com/pokemon_images/s/tosakinto.png,,115,90,328,
ã‚¢ã‚ºãƒã‚ªã‚¦,http://pokemongo-news.com/pokemon_images/s/azumaou.png,175,154,160,489
ãƒ’ãƒˆãƒEEãƒ³,http://pokemongo-news.com/pokemon_images/s/hitodeman.png,137,112,60,309
ã‚¹ã‚¿ãƒ¼ãƒŸãE,http://pokemongo-news.com/pokemon_images/s/sutaamii.png,210,184,120,514
ãƒãƒªãƒ¤ãƒ¼ãƒEhttp://pokemongo-news.com/pokemon_images/s/bariyaado.png,,233,80,505,
ã‚¹ãƒˆãƒ©ã‚¤ã‚¯,http://pokemongo-news.com/pokemon_images/s/sutoraiku.png,218,170,140,528
ãƒ«ãƒ¼ã‚¸ãƒ¥ãƒ©,http://pokemongo-news.com/pokemon_images/s/ruujura.png,223,182,130,535
ã‚¨ãƒ¬ãƒ–ãE,http://pokemongo-news.com/pokemon_images/s/erebuu.png,198,173,130,501
ãƒ–ãEãƒãE,http://pokemongo-news.com/pokemon_images/s/buubaa.png,206,169,130,505
ã‚«ã‚¤ãƒ­ã‚¹,http://pokemongo-news.com/pokemon_images/s/kairosu.png,238,197,130,565
ã‚±ãƒ³ã‚¿ãƒ­ã‚¹,http://pokemongo-news.com/pokemon_images/s/kentarosu.png,198,197,150,545
ã‚³ã‚¤ã‚­ãƒ³ã‚°,http://pokemongo-news.com/pokemon_images/s/koikingu.png,29,102,40,171
ã‚®ãƒ£ãƒ©ãƒ‰ã‚¹,http://pokemongo-news.com/pokemon_images/s/gyaradosu.png,237,197,190,624
ãƒ©ãƒ—ãƒ©ã‚¹,http://pokemongo-news.com/pokemon_images/s/rapurasu.png,165,180,260,605
ãƒ¡ã‚¿ãƒ¢ãƒ³,http://pokemongo-news.com/pokemon_images/s/metamon.png,91,91,96,278
ã‚¤ãƒ¼ãƒ–ã‚¤,http://pokemongo-news.com/pokemon_images/s/iibui.png,104,121,110,335
ã‚·ãƒ£ãƒ¯ãƒ¼ã‚º,http://pokemongo-news.com/pokemon_images/s/shawaazu.png,205,177,260,642
ã‚µãƒ³ãƒ€ãƒ¼ã‚¹,http://pokemongo-news.com/pokemon_images/s/sandaasu.png,232,201,130,563
ãƒ–ãEã‚¹ã‚¿ãƒ¼,http://pokemongo-news.com/pokemon_images/s/buusutaa.png,246,204,130,580
ãƒãƒªã‚´ãƒ³,http://pokemongo-news.com/pokemon_images/s/porigon.png,153,139,130,422
ã‚ªãƒ ãƒŠã‚¤ãƒEhttp://pokemongo-news.com/pokemon_images/s/omunaito.png,,174,70,399,
ã‚ªãƒ ã‚¹ã‚¿ãƒ¼,http://pokemongo-news.com/pokemon_images/s/omusutaa.png,207,227,140,574
ã‚«ãƒ–ãƒˆ,http://pokemongo-news.com/pokemon_images/s/kabuto.png,148,162,60,370
ã‚«ãƒ–ãƒˆãƒ—ã‚¹,http://pokemongo-news.com/pokemon_images/s/kabutopusu.png,220,203,120,543
ãƒ—ãƒ†ãƒ©,http://pokemongo-news.com/pokemon_images/s/putera.png,221,164,160,545
ã‚«ãƒ“ã‚´ãƒ³,http://pokemongo-news.com/pokemon_images/s/kabigon.png,190,190,320,700
ãƒ•ãƒªãƒ¼ã‚¶ãƒ¼,http://pokemongo-news.com/pokemon_images/s/furiizaa.png,192,249,180,621
ã‚µãƒ³ãƒ€ãƒ¼,http://pokemongo-news.com/pokemon_images/s/sandaa.png,253,188,180,621
ãƒ•ã‚¡ã‚¤ãƒ¤ãƒ¼,http://pokemongo-news.com/pokemon_images/s/fulaiyaa.png,251,184,180,615
ãƒŸãƒ‹ãƒªãƒ¥ã‚¦,http://pokemongo-news.com/pokemon_images/s/miniryuu.png,119,94,82,295
ãƒã‚¯ãƒªãƒ¥ãƒ¼,http://pokemongo-news.com/pokemon_images/s/hakuryuu.png,163,138,122,423
ã‚«ã‚¤ãƒªãƒ¥ãƒ¼,http://pokemongo-news.com/pokemon_images/s/kairyuu.png,263,201,182,646
ãƒŸãƒ¥ã‚¦ãƒEE,http://pokemongo-news.com/pokemon_images/s/myuutsuu.png,330,200,212,742
ãƒŸãƒ¥ã‚¦,http://pokemongo-news.com/pokemon_images/s/myuu.png,210,210,200,620
ãƒã‚³ãƒªãƒ¼ã‚¿,http://pokemongo-news.com/pokemon_images/s/chikoriita.png,92,122,90,304
ãƒ™ã‚¤ãƒªãƒ¼ãƒEhttp://pokemongo-news.com/pokemon_images/s/beiriifu.png,,155,120,397,
ãƒ¡ã‚¬ãƒ‹ã‚¦ãƒ ,http://pokemongo-news.com/pokemon_images/s/meganiumu.png,168,202,160,530
ãƒ’ãƒã‚¢ãƒ©ã‚·,http://pokemongo-news.com/pokemon_images/s/hinoarashi.png,116,96,78,290
ãƒã‚°ãƒãƒ©ã‚·,http://pokemongo-news.com/pokemon_images/s/magumarashi.png,158,129,116,403
ãƒã‚¯ãƒ•ãEãƒ³,http://pokemongo-news.com/pokemon_images/s/bakufuun.png,223,176,156,555
ãƒ¯ãƒ‹ãƒã‚³,http://pokemongo-news.com/pokemon_images/s/waninoko.png,117,116,100,333
ã‚¢ãƒªã‚²ã‚¤ãƒEhttp://pokemongo-news.com/pokemon_images/s/arigeitsu.png,,151,130,431,
ã‚ªãƒ¼ãƒ€ã‚¤ãƒ«,http://pokemongo-news.com/pokemon_images/s/oodairu.png,205,197,170,572
ã‚ªã‚¿ãƒEhttp://pokemongo-news.com/pokemon_images/s/otachi.png,,77,70,226,
ã‚ªã‚ªã‚¿ãƒEhttp://pokemongo-news.com/pokemon_images/s/ootachi.png,,130,170,448,
ãƒ›ãEãƒ›ãE,http://pokemongo-news.com/pokemon_images/s/hoohoo.png,67,101,120,288
ãƒ¨ãƒ«ãƒã‚ºã‚¯,http://pokemongo-news.com/pokemon_images/s/yorunozuku.png,145,179,200,524
ãƒ¬ãƒE‚£ãƒEhttp://pokemongo-news.com/pokemon_images/s/redeliba.png,,142,80,294,
ãƒ¬ãƒE‚£ã‚¢ãƒ³,http://pokemongo-news.com/pokemon_images/s/redelian.png,107,209,110,426
ã‚¤ãƒˆãEãƒ«,http://pokemongo-news.com/pokemon_images/s/itomaru.png,105,73,80,258
ã‚¢ãƒªã‚¢ãƒ‰ã‚¹,http://pokemongo-news.com/pokemon_images/s/ariadosu.png,161,128,140,429
ã‚¯ãƒ­ãƒãƒƒãƒEhttp://pokemongo-news.com/pokemon_images/s/kurobatto.png,,178,170,542,
ãƒãƒ§ãƒ³ãƒãE,http://pokemongo-news.com/pokemon_images/s/chonchii.png,106,106,150,362
ãƒ©ãƒ³ã‚¿ãƒ¼ãƒ³,http://pokemongo-news.com/pokemon_images/s/rantaan.png,146,146,250,542
ãƒ”ãƒãƒ¥ãƒ¼,http://pokemongo-news.com/pokemon_images/s/pichuu.png,77,63,40,180
ãƒ”ã‚£,http://pokemongo-news.com/pokemon_images/s/pili.png,75,91,100,266
ãƒ—ãEãƒªãƒ³,http://pokemongo-news.com/pokemon_images/s/pupurin.png,69,34,180,283
ãƒˆã‚²ãƒ”ãE,http://pokemongo-news.com/pokemon_images/s/togepii.png,67,116,70,253
ãƒˆã‚²ãƒãƒƒã‚¯,http://pokemongo-news.com/pokemon_images/s/togechikku.png,140,191,110,441
ãƒã‚¤ãƒE‚£,http://pokemongo-news.com/pokemon_images/s/neiteli.png,134,89,80,303
ãƒã‚¤ãƒE‚£ã‚ª,http://pokemongo-news.com/pokemon_images/s/neitelio.png,192,146,130,468
ãƒ¡ãƒªãƒ¼ãƒEhttp://pokemongo-news.com/pokemon_images/s/meriipu.png,,82,110,306,
ãƒ¢ã‚³ã‚³,http://pokemongo-news.com/pokemon_images/s/meriipu.png,145,112,140,397
ãƒEƒ³ãƒªãƒ¥ã‚¦,http://pokemongo-news.com/pokemon_images/s/denryuu.png,211,172,180,563
ã‚­ãƒ¬ã‚¤ãƒãƒŠ,http://pokemongo-news.com/pokemon_images/s/kireihana.png,169,189,150,508
ãƒãƒªãƒ«,http://pokemongo-news.com/pokemon_images/s/mariru.png,37,93,140,270
ãƒãƒªãƒ«ãƒª,http://pokemongo-news.com/pokemon_images/s/mariruri.png,112,152,200,464
ã‚¦ã‚½ãƒE‚­ãƒ¼,http://pokemongo-news.com/pokemon_images/s/usokkii.png,167,198,140,505
ãƒ‹ãƒ§ãƒ­ãƒˆãƒ,http://pokemongo-news.com/pokemon_images/s/nyorotono.png,174,192,180,546
ãƒãƒãƒE‚³,http://pokemongo-news.com/pokemon_images/s/hanekko.png,67,101,70,238
ãƒãEãƒE‚³,http://pokemongo-news.com/pokemon_images/s/popokko.png,91,127,110,328
ãƒ¯ã‚¿ãƒE‚³,http://pokemongo-news.com/pokemon_images/s/watakko.png,118,197,150,465
ã‚¨ã‚¤ãƒ‘ãƒ ,http://pokemongo-news.com/pokemon_images/s/eipamu.png,136,112,110,358
ãƒ’ãEãƒŠãƒƒãƒEhttp://pokemongo-news.com/pokemon_images/s/himanattsu.png,,55,60,170,
ã‚­ãƒãƒ¯ãƒª,http://pokemongo-news.com/pokemon_images/s/kimawari.png,185,148,150,483
ãƒ¤ãƒ³ãƒ¤ãƒ³ãƒEhttp://pokemongo-news.com/pokemon_images/s/yanyanma.png,,94,130,378,
ã‚¦ãƒ‘ãE,http://pokemongo-news.com/pokemon_images/s/upaa.png,75,75,110,260
ãƒŒã‚ªãƒ¼,http://pokemongo-news.com/pokemon_images/s/nuoo.png,152,152,190,494
ã‚¨ãƒ¼ãƒ•ã‚£,http://pokemongo-news.com/pokemon_images/s/eefuli.png,261,194,130,585
ãƒ–ãƒ©ãƒE‚­ãƒ¼,http://pokemongo-news.com/pokemon_images/s/burakkii.png,126,250,190,566
ãƒ¤ãƒŸã‚«ãƒ©ã‚¹,http://pokemongo-news.com/pokemon_images/s/yamikarasu.png,175,87,120,382
ãƒ¤ãƒ‰ã‚­ãƒ³ã‚°,http://pokemongo-news.com/pokemon_images/s/yadokingu.png,177,194,190,561
ãƒ ã‚¦ãƒEhttp://pokemongo-news.com/pokemon_images/s/muuma.png,,167,120,454,
ã‚¢ãƒ³ãƒãEãƒ³,http://pokemongo-news.com/pokemon_images/s/annoon.png,136,91,96,323
ã‚½ãƒ¼ãƒŠãƒ³ã‚¹,http://pokemongo-news.com/pokemon_images/s/soonansu.png,60,106,380,546
ã‚­ãƒªãƒ³ãƒªã‚­,http://pokemongo-news.com/pokemon_images/s/kirinriki.png,182,133,140,455
ã‚¯ãƒŒã‚®ãƒ€ãƒEhttp://pokemongo-news.com/pokemon_images/s/kunugidama.png,,146,100,354,
ãƒ•ã‚©ãƒ¬ãƒˆã‚¹,http://pokemongo-news.com/pokemon_images/s/fuloretosu.png,161,242,150,553
ãƒã‚³ãƒEƒ,http://pokemongo-news.com/pokemon_images/s/nokocchi.png,131,131,200,462
ã‚°ãƒ©ã‚¤ã‚¬ãƒ¼,http://pokemongo-news.com/pokemon_images/s/guraigaa.png,143,204,130,477
ãƒã‚¬ãƒãEãƒ«,http://pokemongo-news.com/pokemon_images/s/haganeeru.png,148,333,150,631
ãƒ–ãƒ«ãƒ¼,http://pokemongo-news.com/pokemon_images/s/buruu.png,137,89,120,346
ã‚°ãƒ©ãƒ³ãƒ–ãƒ«,http://pokemongo-news.com/pokemon_images/s/guranburu.png,212,137,180,529
ãƒãƒªãƒ¼ã‚»ãƒ³,http://pokemongo-news.com/pokemon_images/s/hariisen.png,184,148,130,462
ãƒãƒƒã‚µãƒ ,http://pokemongo-news.com/pokemon_images/s/hassamu.png,236,191,140,567
ãƒEEãƒEE,http://pokemongo-news.com/pokemon_images/s/tsubotsubo.png,17,396,40,453
ãƒ˜ãƒ©ã‚¯ãƒ­ã‚¹,http://pokemongo-news.com/pokemon_images/s/herakurosu.png,234,189,160,583
ãƒ‹ãƒ¥ãƒ¼ãƒ©,http://pokemongo-news.com/pokemon_images/s/nyuura.png,189,157,110,456
ãƒ’ãƒ¡ã‚°ãƒEhttp://pokemongo-news.com/pokemon_images/s/himeguma.png,,93,120,355,
ãƒªãƒ³ã‚°ãƒEhttp://pokemongo-news.com/pokemon_images/s/ringuma.png,,144,180,560,
ãƒã‚°ãƒãƒƒã‚°,http://pokemongo-news.com/pokemon_images/s/magumaggu.png,118,71,80,269
ãƒã‚°ã‚«ãƒ«ã‚´,http://pokemongo-news.com/pokemon_images/s/magukarugo.png,139,209,100,448
ã‚¦ãƒªãƒ ãƒ¼,http://pokemongo-news.com/pokemon_images/s/urimuu.png,90,74,100,264
ã‚¤ãƒãƒ ãƒ¼,http://pokemongo-news.com/pokemon_images/s/inomuu.png,181,147,200,528
ã‚µãƒ‹ãEã‚´,http://pokemongo-news.com/pokemon_images/s/saniigo.png,118,156,110,384
ãƒEƒƒãƒã‚¦ã‚ª,http://pokemongo-news.com/pokemon_images/s/teppouo.png,127,69,70,266
ã‚ªã‚¯ã‚¿ãƒ³,http://pokemongo-news.com/pokemon_images/s/okutan.png,197,141,150,488
ãƒEƒªãƒãEãƒEhttp://pokemongo-news.com/pokemon_images/s/deribaado.png,,90,90,308,
ãƒãƒ³ã‚¿ã‚¤ãƒ³,http://pokemongo-news.com/pokemon_images/s/mantain.png,149,260,130,539
ã‚¨ã‚¢ãƒ¼ãƒ ãƒEhttp://pokemongo-news.com/pokemon_images/s/eaamudo.png,,260,130,539,
ãƒEƒ«ãƒ“ãƒ«,http://pokemongo-news.com/pokemon_images/s/derubiru.png,152,93,90,335
ãƒ˜ãƒ«ã‚¬ãƒ¼,http://pokemongo-news.com/pokemon_images/s/herugaa.png,224,159,150,533
ã‚­ãƒ³ã‚°ãƒ‰ãƒ©,http://pokemongo-news.com/pokemon_images/s/kingudora.png,194,194,150,538
ã‚´ãƒã‚¾ã‚¦,http://pokemongo-news.com/pokemon_images/s/gomazou.png,107,107,180,394
ãƒ‰ãƒ³ãƒ•ã‚¡ãƒ³,http://pokemongo-news.com/pokemon_images/s/donfulan.png,214,214,180,608
ãƒãƒªã‚´ãƒ³2,http://pokemongo-news.com/pokemon_images/s/porigon2.png,198,183,170,551
ã‚ªãƒ‰ã‚·ã‚·,http://pokemongo-news.com/pokemon_images/s/odoshishi.png,192,132,146,470
ãƒ‰ãEãƒ–ãƒ«,http://pokemongo-news.com/pokemon_images/s/dooburu.png,40,88,110,238
ãƒãƒ«ã‚­ãƒ¼,http://pokemongo-news.com/pokemon_images/s/barukii.png,64,64,70,198
ã‚«ãƒã‚¨ãƒ©ãƒ¼,http://pokemongo-news.com/pokemon_images/s/kapoeraa.png,173,214,100,487
ãƒ ãƒãƒ¥ãƒ¼ãƒ«,http://pokemongo-news.com/pokemon_images/s/muchuuru.png,153,116,90,359
ã‚¨ãƒ¬ã‚­ãƒEƒ‰,http://pokemongo-news.com/pokemon_images/s/erekiddo.png,135,110,90,335
ãƒ–ãƒ“ã‚£,http://pokemongo-news.com/pokemon_images/s/bubili.png,151,108,90,349
ãƒŸãƒ«ã‚¿ãƒ³ã‚¯,http://pokemongo-news.com/pokemon_images/s/mirutanku.png,158,211,190,559
ãƒãƒ”ãƒŠã‚¹,http://pokemongo-news.com/pokemon_images/s/hapinasu.png,129,229,510,868
ãƒ©ã‚¤ã‚³ã‚¦,http://pokemongo-news.com/pokemon_images/s/raikou.png,241,210,180,631
ã‚¨ãƒ³ãƒE‚¤,http://pokemongo-news.com/pokemon_images/s/entei.png,235,176,230,641
ã‚¹ã‚¤ã‚¯ãƒ³,http://pokemongo-news.com/pokemon_images/s/suikun.png,180,235,200,615
ãƒ¨ãƒ¼ã‚®ãƒ©ã‚¹,http://pokemongo-news.com/pokemon_images/s/yoogirasu.png,115,93,100,308
ã‚µãƒŠã‚®ãƒ©ã‚¹,http://pokemongo-news.com/pokemon_images/s/sanagirasu.png,155,133,140,428
ãƒãƒ³ã‚®ãƒ©ã‚¹,http://pokemongo-news.com/pokemon_images/s/bangirasu.png,251,212,200,663
ãƒ«ã‚®ã‚¢,http://pokemongo-news.com/pokemon_images/s/rugia.png,193,323,212,728
ãƒ›ã‚¦ã‚ªã‚¦,http://pokemongo-news.com/pokemon_images/s/houou.png,263,301,212,776
ã‚»ãƒ¬ãƒ“ã‚£,http://pokemongo-news.com/pokemon_images/s/serebili.png,210,210,200,620
